1,peer_1,C2_SimpleBashUtils,2023-08-02
2,peer_2,C2_SimpleBashUtils,2023-08-02
3,peer_3,C2_SimpleBashUtils,2023-08-02
4,peer_4,C2_SimpleBashUtils,2023-08-02
5,peer_5,C2_SimpleBashUtils,2023-08-02
6,peer_6,C2_SimpleBashUtils,2023-08-02
7,peer_7,C2_SimpleBashUtils,2023-08-02
8,peer_8,C2_SimpleBashUtils,2023-08-02
9,peer_9,C2_SimpleBashUtils,2023-08-02
10,peer_10,C2_SimpleBashUtils,2023-08-02
11,peer_11,C2_SimpleBashUtils,2023-08-02
12,peer_12,C2_SimpleBashUtils,2023-08-02
13,peer_1,C3_s21_string+,2023-08-04
14,peer_2,C3_s21_string+,2023-08-04
15,peer_3,C3_s21_string+,2023-08-04
16,peer_4,C4_s21_math,2023-08-04
17,peer_5,C2_SimpleBashUtils,2023-08-04
18,peer_6,C3_s21_string+,2023-08-04
19,peer_7,C3_s21_string+,2023-08-04
20,peer_8,C2_SimpleBashUtils,2023-08-04
21,peer_9,C3_s21_string+,2023-08-04
22,peer_10,C4_s21_math,2023-08-04
23,peer_11,C2_SimpleBashUtils,2023-08-04
24,peer_12,C3_s21_string+,2023-08-04
25,peer_1,C4_s21_math,2023-08-05
26,peer_2,C3_s21_string+,2023-08-05
27,peer_3,C4_s21_math,2023-08-05
28,peer_4,C3_s21_string+,2023-08-05
29,peer_5,C4_s21_math,2023-08-05
30,peer_6,C4_s21_math,2023-08-05
31,peer_7,C4_s21_math,2023-08-05
32,peer_8,C4_s21_math,2023-08-05
33,peer_9,C4_s21_math,2023-08-05
34,peer_10,C3_s21_string+,2023-08-05
35,peer_11,C3_s21_string+,2023-08-05
36,peer_12,C4_s21_math,2023-08-05
37,peer_1,C5_s21_decimal,2023-08-12
38,peer_2,C4_s21_math,2023-08-12
39,peer_3,C5_s21_decimal,2023-08-12
40,peer_4,C5_s21_decimal,2023-08-12
41,peer_5,C3_s21_string+,2023-08-12
42,peer_6,C5_s21_decimal,2023-08-12
43,peer_7,C5_s21_decimal,2023-08-12
44,peer_8,C3_s21_string+,2023-08-12
45,peer_9,C5_s21_decimal,2023-08-12
46,peer_10,C5_s21_decimal,2023-08-12
47,peer_11,C4_s21_math,2023-08-12
48,peer_12,C4_s21_math,2023-08-12
49,peer_1,C6_s21_matrix,2023-08-14
50,peer_2,C5_s21_decimal,2023-08-14
51,peer_3,C6_s21_matrix,2023-08-14
52,peer_4,C5_s21_decimal,2023-08-14
53,peer_5,C5_s21_decimal,2023-08-14
54,peer_6,C6_s21_matrix,2023-08-14
55,peer_7,C6_s21_matrix,2023-08-14
56,peer_8,C5_s21_decimal,2023-08-14
57,peer_9,C6_s21_matrix,2023-08-14
58,peer_10,C6_s21_matrix,2023-08-14
59,peer_11,C5_s21_decimal,2023-08-14
60,peer_12,C5_s21_decimal,2023-08-14
61,peer_1,C6_s21_matrix,2023-08-17
62,peer_2,DO1_Linux,2023-08-17
63,peer_3,DO1_Linux,2023-08-17
64,peer_4,C6_s21_matrix,2023-08-17
65,peer_5,C5_s21_decimal,2023-08-17
66,peer_6,DO1_Linux,2023-08-17
67,peer_7,C7_SmartCalc_v1.0,2023-08-17
68,peer_8,C6_s21_matrix,2023-08-17
69,peer_9,C7_SmartCalc_v1.0,2023-08-17
70,peer_10,DO1_Linux,2023-08-17
71,peer_11,C6_s21_matrix,2023-08-17
72,peer_12,C6_s21_matrix,2023-08-17
73,peer_1,C7_SmartCalc_v1.0,2023-08-18
74,peer_2,DO2_Linux_Network,2023-08-18
75,peer_3,DO2_Linux_Network,2023-08-18
76,peer_4,C7_SmartCalc_v1.0,2023-08-18
77,peer_5,C6_s21_matrix,2023-08-18
78,peer_6,DO2_Linux_Network,2023-08-18
79,peer_7,C8_3DViewer_v1.0,2023-08-18
80,peer_8,C6_s21_matrix,2023-08-18
81,peer_9,C8_3DViewer_v1.0,2023-08-18
82,peer_10,DO1_Linux,2023-08-18
83,peer_11,C7_SmartCalc_v1.0,2023-08-18
84,peer_12,C7_SmartCalc_v1.0,2023-08-18
85,peer_1,DO1_Linux,2023-08-23
86,peer_2,DO3_LinuxMonitoring_v1.0,2023-08-23
87,peer_3,DO3_LinuxMonitoring_v1.0,2023-08-23
88,peer_4,C8_3DViewer_v1.0,2023-08-23
89,peer_5,C7_SmartCalc_v1.0,2023-08-23
90,peer_6,DO2_Linux_Network,2023-08-23
91,peer_7,C8_3DViewer_v1.0,2023-08-23
92,peer_8,C7_SmartCalc_v1.0,2023-08-23
93,peer_9,DO1_Linux,2023-08-23
94,peer_10,DO2_Linux_Network,2023-08-23
95,peer_11,C8_3DViewer_v1.0,2023-08-23
96,peer_12,C8_3DViewer_v1.0,2023-08-23
97,peer_1,DO2_Linux_Network,2023-08-28
98,peer_2,DO4_LinuxMonitoring_v2.0,2023-08-28
99,peer_3,DO4_LinuxMonitoring_v2.0,2023-08-28
100,peer_4,DO1_Linux,2023-08-28
101,peer_5,DO1_Linux,2023-08-28
102,peer_6,DO3_LinuxMonitoring_v1.0,2023-08-28
103,peer_7,CPP1_s21_matrix+,2023-08-28
104,peer_8,C8_3DViewer_v1.0,2023-08-28
105,peer_9,DO2_Linux_Network,2023-08-28
106,peer_11,SQL1,2023-08-28
107,peer_1,DO2_Linux_Network,2023-08-30
108,peer_2,DO5_SimpleDocker,2023-08-30
109,peer_3,DO5_SimpleDocker,2023-08-30
110,peer_4,DO2_Linux_Network,2023-08-30
111,peer_5,DO2_Linux_Network,2023-08-30
112,peer_6,DO4_LinuxMonitoring_v2.0,2023-08-30
113,peer_7,CPP2_s21_containers,2023-08-30
114,peer_8,DO1_Linux,2023-08-30
115,peer_9,DO3_LinuxMonitoring_v1.0,2023-08-30
116,peer_11,SQL2_Info21_v1.0,2023-08-30
117,peer_1,C8_3DViewer_v1.0,2023-09-01
118,peer_2,C6_s21_matrix,2023-09-01
119,peer_3,C7_SmartCalc_v1.0,2023-09-01
120,peer_4,DO3_LinuxMonitoring_v1.0,2023-09-01
121,peer_5,DO3_LinuxMonitoring_v1.0,2023-09-01
122,peer_6,DO5_SimpleDocker,2023-09-01
123,peer_7,CPP3_SmartCalc_v2.0,2023-09-01
124,peer_8,DO2_Linux_Network,2023-09-01
125,peer_9,CPP1_s21_matrix+,2023-09-01
126,peer_11,SQL3_RetailAnalitycs_v1.0,2023-09-01
127,peer_1,SQL1,2023-09-07
128,peer_2,DO6_CICD,2023-09-07
129,peer_3,C8_3DViewer_v1.0,2023-09-07
130,peer_4,DO5_SimpleDocker,2023-09-07
131,peer_5,DO5_SimpleDocker,2023-09-07
132,peer_6,DO6_CICD,2023-09-07
133,peer_7,SQL1,2023-09-07
134,peer_8,CPP1_s21_matrix+,2023-09-07
135,peer_9,CPP2_s21_containers,2023-09-07
136,peer_11,CPP1_s21_matrix+,2023-09-07
137,peer_3,SQL1,2023-09-12
138,peer_4,CPP1_s21_matrix+,2023-09-12
139,peer_5,C8_3DViewer_v1.0,2023-09-12
140,peer_6,DO6_CICD,2023-09-12
141,peer_8,SQL1,2023-09-12
142,peer_11,CPP2_s21_containers,2023-09-12
143,peer_3,CPP1_s21_matrix+,2023-09-17
144,peer_4,SQL1,2023-09-17
145,peer_5,SQL1,2023-09-17
146,peer_8,SQL2_Info21_v1.0,2023-09-17
147,peer_11,CPP3_SmartCalc_v2.0,2023-09-17
148,peer_3,CPP2_s21_containers,2023-09-19
149,peer_4,CPP2_s21_containers,2023-09-19
150,peer_5,SQL2_Info21_v1.0,2023-09-19
151,peer_8,SQL2_Info21_v1.0,2023-09-19
152,peer_3,CPP3_SmartCalc_v2.0,2023-09-20
153,peer_4,CPP3_SmartCalc_v2.0,2023-09-20
154,peer_5,SQL3_RetailAnalitycs_v1.0,2023-09-20
155,peer_8,CPP2_s21_containers,2023-09-20
156,peer_3,CPP3_SmartCalc_v2.0,2023-09-24
157,peer_4,CPP4_3DViewer_v2.0,2023-09-24
158,peer_4,CPP5_3DViewer_v2.1,2023-09-29
