1,1,peer_9,Start,09:30:00
2,1,peer_9,Success,10:32:32
3,2,peer_8,Start,10:00:00
4,2,peer_8,Success,11:12:32
5,3,peer_4,Start,10:45:00
6,3,peer_4,Success,11:31:04
7,4,peer_1,Start,12:00:00
8,4,peer_1,Success,12:36:04
9,5,peer_3,Start,13:15:00
10,5,peer_3,Success,14:06:12
11,6,peer_7,Start,14:15:00
12,6,peer_7,Success,15:04:02
13,7,peer_11,Start,15:15:00
14,7,peer_11,Success,16:17:18
15,8,peer_5,Start,16:45:00
16,8,peer_5,Success,17:25:14
17,9,peer_1,Start,17:45:00
18,9,peer_1,Success,18:32:03
19,10,peer_12,Start,18:45:00
20,10,peer_12,Success,19:26:19
21,11,peer_2,Start,19:15:00
22,11,peer_2,Success,20:07:42
23,12,peer_8,Start,20:15:00
24,12,peer_8,Success,21:07:49
25,13,peer_12,Start,09:30:00
26,13,peer_12,Success,10:41:55
27,14,peer_7,Start,10:30:00
28,14,peer_7,Success,11:27:08
29,15,peer_12,Start,11:30:00
30,15,peer_12,Success,12:41:22
31,16,peer_11,Start,12:15:00
32,16,peer_11,Success,13:14:03
33,17,peer_11,Start,12:45:00
34,17,peer_11,Success,13:39:34
35,18,peer_3,Start,13:45:00
36,18,peer_3,Success,14:40:53
37,19,peer_4,Start,14:15:00
38,19,peer_4,Success,15:14:22
39,20,peer_4,Start,15:00:00
40,20,peer_4,Success,15:52:38
41,21,peer_7,Start,16:15:00
42,21,peer_7,Success,17:05:00
43,22,peer_5,Start,16:30:00
44,22,peer_5,Success,17:18:48
45,23,peer_1,Start,17:45:00
46,23,peer_1,Success,18:46:09
47,24,peer_8,Start,19:15:00
48,24,peer_8,Success,20:24:31
49,25,peer_6,Start,09:45:00
50,25,peer_6,Success,10:16:44
51,26,peer_10,Start,11:15:00
52,26,peer_10,Success,11:48:56
53,27,peer_8,Start,11:45:00
54,27,peer_8,Success,12:26:01
55,28,peer_3,Start,12:30:00
56,28,peer_3,Success,13:09:05
57,29,peer_10,Start,14:00:00
58,29,peer_10,Success,15:13:20
59,30,peer_10,Start,15:00:00
60,30,peer_10,Success,16:07:42
61,31,peer_6,Start,16:45:00
62,31,peer_6,Success,17:27:51
63,32,peer_11,Start,17:30:00
64,32,peer_11,Success,18:01:25
65,33,peer_1,Start,19:00:00
66,33,peer_1,Success,20:10:31
67,34,peer_1,Start,20:30:00
68,34,peer_1,Success,21:24:00
69,35,peer_12,Start,21:15:00
70,35,peer_12,Success,22:09:13
71,36,peer_11,Start,21:30:00
72,36,peer_11,Success,22:22:12
73,37,peer_10,Start,09:00:00
74,37,peer_10,Success,09:41:51
75,38,peer_1,Start,10:30:00
76,38,peer_1,Success,11:26:23
77,39,peer_11,Start,12:00:00
78,39,peer_11,Success,13:05:51
79,40,peer_9,Start,13:45:00
80,40,peer_9,Success,14:49:18
81,41,peer_7,Start,14:30:00
82,41,peer_7,Success,15:04:23
83,42,peer_3,Start,15:15:00
84,42,peer_3,Success,15:57:19
85,43,peer_5,Start,16:00:00
86,43,peer_5,Success,16:46:41
87,44,peer_2,Start,17:45:00
88,44,peer_2,Success,18:15:02
89,45,peer_7,Start,19:15:00
90,45,peer_7,Success,20:03:02
91,46,peer_5,Start,19:45:00
92,46,peer_5,Success,20:18:55
93,47,peer_4,Start,20:00:00
94,47,peer_4,Success,21:07:03
95,48,peer_8,Start,20:30:00
96,48,peer_8,Success,21:34:36
97,49,peer_10,Start,09:00:00
98,49,peer_10,Success,09:57:49
99,50,peer_3,Start,09:45:00
100,50,peer_3,Success,10:51:22
101,51,peer_2,Start,10:15:00
102,51,peer_2,Success,10:45:53
103,52,peer_7,Start,11:15:00
104,52,peer_7,Success,12:00:36
105,53,peer_10,Start,12:30:00
106,53,peer_10,Success,13:38:34
107,54,peer_1,Start,13:00:00
108,54,peer_1,Success,13:59:53
109,55,peer_11,Start,14:30:00
110,55,peer_11,Success,15:05:38
111,56,peer_11,Start,16:00:00
112,56,peer_11,Success,16:30:18
113,57,peer_10,Start,17:15:00
114,57,peer_10,Success,17:59:52
115,58,peer_11,Start,17:30:00
116,58,peer_11,Success,18:02:28
117,59,peer_8,Start,18:00:00
118,59,peer_8,Success,18:54:45
119,60,peer_2,Start,18:45:00
120,60,peer_2,Success,19:38:18
121,61,peer_4,Start,08:30:00
122,61,peer_4,Success,09:19:51
123,62,peer_5,Start,09:00:00
124,62,peer_5,Success,09:52:40
125,63,peer_11,Start,10:15:00
126,63,peer_11,Success,11:23:23
127,64,peer_7,Start,11:45:00
128,64,peer_7,Success,12:27:53
129,65,peer_12,Start,13:15:00
130,65,peer_12,Success,14:28:08
131,66,peer_7,Start,14:15:00
132,66,peer_7,Success,14:53:45
133,67,peer_4,Start,15:00:00
134,67,peer_4,Success,16:10:03
135,68,peer_3,Start,15:15:00
136,68,peer_3,Success,15:57:48
137,69,peer_5,Start,16:45:00
138,69,peer_5,Success,17:41:16
139,70,peer_9,Start,17:45:00
140,70,peer_9,Failure,18:49:07
141,71,peer_5,Start,18:30:00
142,71,peer_5,Success,19:33:16
143,72,peer_4,Start,19:45:00
144,72,peer_4,Success,20:46:12
145,73,peer_3,Start,08:45:00
146,73,peer_3,Success,09:34:59
147,74,peer_8,Start,10:00:00
148,74,peer_8,Success,10:34:13
149,75,peer_12,Start,10:30:00
150,75,peer_12,Success,11:37:31
151,76,peer_6,Start,11:45:00
152,76,peer_6,Success,12:49:27
153,77,peer_9,Start,13:00:00
154,77,peer_9,Success,13:56:10
155,78,peer_11,Start,14:30:00
156,78,peer_11,Failure,15:28:55
157,79,peer_6,Start,15:45:00
158,79,peer_6,Failure,16:24:23
159,80,peer_3,Start,17:15:00
160,80,peer_3,Success,17:58:29
161,81,peer_6,Start,18:00:00
162,81,peer_6,Success,19:07:52
163,82,peer_3,Start,18:30:00
164,82,peer_3,Success,19:29:34
165,83,peer_10,Start,20:00:00
166,83,peer_10,Success,21:14:45
167,84,peer_7,Start,21:15:00
168,84,peer_7,Success,22:14:13
169,85,peer_3,Start,08:45:00
170,85,peer_3,Success,09:28:11
171,86,peer_10,Start,09:30:00
172,86,peer_10,Success,10:25:37
173,87,peer_6,Start,11:00:00
174,87,peer_6,Success,12:14:18
175,88,peer_11,Start,12:00:00
176,88,peer_11,Success,13:00:28
177,89,peer_4,Start,13:15:00
178,89,peer_4,Success,13:56:40
179,90,peer_5,Start,13:45:00
180,90,peer_5,Success,14:25:07
181,91,peer_2,Start,14:00:00
182,91,peer_2,Success,14:30:32
183,92,peer_10,Start,15:15:00
184,92,peer_10,Success,16:07:44
185,93,peer_8,Start,15:45:00
186,93,peer_8,Success,16:34:31
187,94,peer_2,Start,17:15:00
188,94,peer_2,Success,17:55:13
189,95,peer_7,Start,18:30:00
190,95,peer_7,Success,19:09:37
191,96,peer_5,Start,18:45:00
192,96,peer_5,Success,19:19:47
193,97,peer_7,Start,09:15:00
194,97,peer_7,Failure,10:23:22
195,98,peer_7,Start,10:30:00
196,98,peer_7,Success,11:23:56
197,99,peer_11,Start,11:30:00
198,99,peer_11,Success,12:20:50
199,100,peer_6,Start,12:15:00
200,100,peer_6,Success,13:13:50
201,101,peer_9,Start,14:00:00
202,101,peer_9,Success,14:53:44
203,102,peer_5,Start,14:45:00
204,102,peer_5,Success,15:56:56
205,103,peer_11,Start,16:15:00
206,103,peer_11,Success,17:09:19
207,104,peer_3,Start,16:45:00
208,104,peer_3,Success,17:46:02
209,105,peer_7,Start,18:15:00
210,105,peer_7,Success,18:48:18
211,106,peer_1,Start,19:00:00
212,106,peer_1,Success,20:02:17
213,107,peer_2,Start,08:45:00
214,107,peer_2,Success,09:21:45
215,108,peer_11,Start,10:15:00
216,108,peer_11,Success,10:48:48
217,109,peer_11,Start,11:00:00
218,109,peer_11,Success,12:13:11
219,110,peer_6,Start,11:15:00
220,110,peer_6,Success,12:23:44
221,111,peer_8,Start,12:45:00
222,111,peer_8,Success,13:49:33
223,112,peer_5,Start,14:15:00
224,112,peer_5,Success,14:59:16
225,113,peer_3,Start,15:00:00
226,113,peer_3,Success,16:13:05
227,114,peer_5,Start,15:30:00
228,114,peer_5,Success,16:01:13
229,115,peer_2,Start,16:15:00
230,115,peer_2,Success,17:11:16
231,116,peer_3,Start,18:00:00
232,116,peer_3,Success,19:10:04
233,117,peer_9,Start,08:30:00
234,117,peer_9,Success,09:41:09
235,118,peer_10,Start,09:00:00
236,118,peer_10,Success,09:49:26
237,119,peer_5,Start,10:15:00
238,119,peer_5,Success,11:16:32
239,120,peer_12,Start,10:30:00
240,120,peer_12,Success,11:02:20
241,121,peer_7,Start,11:00:00
242,121,peer_7,Success,11:37:15
243,122,peer_9,Start,12:30:00
244,122,peer_9,Success,13:14:37
245,123,peer_6,Start,13:00:00
246,123,peer_6,Success,13:38:56
247,124,peer_5,Start,14:15:00
248,124,peer_5,Success,14:50:32
249,125,peer_6,Start,14:45:00
250,125,peer_6,Success,15:56:56
251,126,peer_4,Start,16:30:00
252,126,peer_4,Success,17:29:38
253,127,peer_8,Start,08:30:00
254,127,peer_8,Success,09:27:46
255,128,peer_5,Start,09:30:00
256,128,peer_5,Success,10:09:46
257,129,peer_10,Start,10:00:00
258,129,peer_10,Success,10:50:23
259,130,peer_3,Start,11:30:00
260,130,peer_3,Success,12:17:57
261,131,peer_6,Start,12:15:00
262,131,peer_6,Success,13:28:00
263,132,peer_5,Start,13:45:00
264,132,peer_5,Failure,14:52:21
265,133,peer_10,Start,14:00:00
266,133,peer_10,Success,14:50:11
267,134,peer_11,Start,14:30:00
268,134,peer_11,Success,15:27:54
269,135,peer_12,Start,15:45:00
270,135,peer_12,Success,16:20:15
271,136,peer_2,Start,17:30:00
272,136,peer_2,Success,18:19:38
273,137,peer_8,Start,09:00:00
274,137,peer_8,Success,10:04:55
275,138,peer_5,Start,10:00:00
276,138,peer_5,Success,10:59:25
277,139,peer_12,Start,11:45:00
278,139,peer_12,Success,12:55:59
279,140,peer_8,Start,12:15:00
280,140,peer_8,Success,13:23:40
281,141,peer_2,Start,13:15:00
282,141,peer_2,Success,14:26:45
283,142,peer_2,Start,14:45:00
284,142,peer_2,Success,15:28:31
285,143,peer_1,Start,09:30:00
286,143,peer_1,Success,10:25:29
287,144,peer_2,Start,10:15:00
288,144,peer_2,Success,10:48:25
289,145,peer_4,Start,12:00:00
290,145,peer_4,Success,12:59:38
291,146,peer_5,Start,13:15:00
292,146,peer_5,Failure,14:14:12
293,147,peer_1,Start,14:15:00
294,147,peer_1,Success,15:24:56
295,148,peer_8,Start,09:00:00
296,148,peer_8,Success,10:14:28
297,149,peer_7,Start,10:00:00
298,149,peer_7,Success,10:43:08
299,150,peer_6,Start,11:00:00
300,150,peer_6,Success,12:00:19
301,151,peer_3,Start,12:15:00
302,151,peer_3,Success,13:04:58
303,152,peer_11,Start,09:15:00
304,152,peer_11,Failure,10:08:22
305,153,peer_7,Start,10:00:00
306,153,peer_7,Success,10:36:29
307,154,peer_12,Start,11:45:00
308,154,peer_12,Success,12:25:13
309,155,peer_4,Start,12:45:00
310,155,peer_4,Success,13:59:40
311,156,peer_11,Start,08:45:00
312,156,peer_11,Success,09:45:35
313,157,peer_5,Start,09:30:00
314,157,peer_5,Success,10:30:51
315,158,peer_8,Start,09:30:00
316,158,peer_8,Success,10:09:27
